{
  "rigidBodies": [
    {
      "name": "1",
      "vertices": [
        {
          "x": 0.22937481105327606,
          "y": 0.04645836353302002
        },
        {
          "x": 0.3643748164176941,
          "y": 0.21145838499069214
        },
        {
          "x": 0.6131247878074646,
          "y": 0.4564583897590637
        },
        {
          "x": 0.8318748474121094,
          "y": 0.4989583492279053
        },
        {
          "x": 0.9943749904632568,
          "y": 0.4039583206176758
        },
        {
          "x": 0.7871876358985901,
          "y": 0.146145761013031
        },
        {
          "x": 0.8703126311302185,
          "y": 0.11114576458930969
        },
        {
          "x": 0.8703126311302185,
          "y": 0.11114576458930969
        },
        {
          "x": 0.8922918438911438,
          "y": 0.007499948143959045
        },
        {
          "x": 0.8389585018157959,
          "y": 0.005833283066749573
        },
        {
          "x": 0.7564584612846375,
          "y": 0.14333322644233704
        }
      ]
    },
    {
      "name": "2",
      "vertices": [
        {
          "x": 0.9352837204933167,
          "y": 0.6152080297470093
        },
        {
          "x": 0.1319502890110016,
          "y": 0.42520803213119507
        },
        {
          "x": 0.0019502341747283936,
          "y": 0.2685413360595703
        },
        {
          "x": 0.06861692667007446,
          "y": 0.11354133486747742
        },
        {
          "x": 0.5336169600486755,
          "y": 0.011874675750732422
        },
        {
          "x": 0.8452836871147156,
          "y": 0.0552079975605011
        }
      ]
    },
    {
      "name": "3",
      "vertices": [
        {
          "x": 0.025833308696746826,
          "y": 0.6441667079925537
        },
        {
          "x": 0.030833274126052856,
          "y": 0.5441666841506958
        },
        {
          "x": 0.17916664481163025,
          "y": 0.5041666626930237
        },
        {
          "x": 0.19416660070419312,
          "y": 0.04916661977767944
        },
        {
          "x": 0.2908332347869873,
          "y": 0.005833297967910767
        },
        {
          "x": 0.8891665935516357,
          "y": 0.10416662693023682
        },
        {
          "x": 0.9958333969116211,
          "y": 0.7008333206176758
        },
        {
          "x": 0.7175000905990601,
          "y": 0.8424999713897705
        }
      ]
    },
    {
      "name": "4",
      "vertices": [
        {
          "x": 0.07583332061767578,
          "y": 0.5658333897590637
        },
        {
          "x": 0.9291667938232422,
          "y": 0.48083338141441345
        },
        {
          "x": 0.6975001096725464,
          "y": 0.012500017881393433
        },
        {
          "x": 0.1691666841506958,
          "y": 0.18250001966953278
        },
        {
          "x": 0.014166682958602905,
          "y": 0.39916670322418213
        }
      ]
    },
    {
      "name": "5",
      "vertices": [
        {
          "x": 0.9985416531562805,
          "y": 0.73520827293396
        },
        {
          "x": 0.956041693687439,
          "y": 0.6764582395553589
        },
        {
          "x": 0.956041693687439,
          "y": 0.6764582395553589
        },
        {
          "x": 0.7422916889190674,
          "y": 0.6714582443237305
        },
        {
          "x": 0.7422916889190674,
          "y": 0.6714582443237305
        },
        {
          "x": 0.7010416984558105,
          "y": 0.7439582347869873
        },
        {
          "x": 0.5060417056083679,
          "y": 0.6552082300186157
        },
        {
          "x": 0.4010416865348816,
          "y": 0.67270827293396
        },
        {
          "x": 0.3860417306423187,
          "y": 0.5464582443237305
        },
        {
          "x": 0.257291704416275,
          "y": 0.46020829677581787
        },
        {
          "x": 0.53229159116745,
          "y": 0.4102083444595337
        },
        {
          "x": 0.8097914457321167,
          "y": 0.21270832419395447
        },
        {
          "x": 0.8197914361953735,
          "y": 0.13145826756954193
        },
        {
          "x": 0.9322914481163025,
          "y": 0.07645826786756516
        },
        {
          "x": 0.899791419506073,
          "y": 0.012708276510238647
        },
        {
          "x": 0.8047914505004883,
          "y": 0.011458277702331543
        },
        {
          "x": 0.8222914934158325,
          "y": 0.06145826727151871
        },
        {
          "x": 0.49479153752326965,
          "y": 0.11770834028720856
        },
        {
          "x": 0.41479143500328064,
          "y": 0.2252083569765091
        },
        {
          "x": 0.1885414570569992,
          "y": 0.3164583444595337
        },
        {
          "x": 0.002291455864906311,
          "y": 0.5227083563804626
        },
        {
          "x": 0.12479144334793091,
          "y": 0.8064582347869873
        },
        {
          "x": 0.344791442155838,
          "y": 0.916458249092102
        },
        {
          "x": 0.696041464805603,
          "y": 0.8827081918716431
        }
      ]
    },
    {
      "name": "6",
      "vertices": [
        {
          "x": 0.0035415589809417725,
          "y": 0.4952082335948944
        },
        {
          "x": 0.09479159116744995,
          "y": 0.5527082085609436
        },
        {
          "x": 0.10479158163070679,
          "y": 0.6464582085609436
        },
        {
          "x": 0.3535415828227997,
          "y": 0.7127082347869873
        },
        {
          "x": 0.3935415744781494,
          "y": 0.6502082347869873
        },
        {
          "x": 0.5710415840148926,
          "y": 0.6927081942558289
        },
        {
          "x": 0.9885417222976685,
          "y": 0.5152083039283752
        },
        {
          "x": 0.8460416793823242,
          "y": 0.242708221077919
        },
        {
          "x": 0.5472917556762695,
          "y": 0.005208194255828857
        },
        {
          "x": 0.4385417699813843,
          "y": 0.037708207964897156
        },
        {
          "x": 0.5122917890548706,
          "y": 0.2064581960439682
        },
        {
          "x": 0.22104167938232422,
          "y": 0.44895827770233154
        }
      ]
    },
    {
      "name": "7",
      "vertices": [
        {
          "x": 0.07564395666122437,
          "y": 1.6637120246887207
        },
        {
          "x": 0.9771589636802673,
          "y": 1.3606817722320557
        },
        {
          "x": 0.6438257694244385,
          "y": 0.0728030800819397
        },
        {
          "x": 0.10594695806503296,
          "y": 0.26219701766967773
        }
      ]
    },
    {
      "name": "8",
      "vertices": [
        {
          "x": 0.15140151977539062,
          "y": 1.3682575225830078
        },
        {
          "x": 0.03776520490646362,
          "y": 0.1978030800819397
        },
        {
          "x": 0.4051894247531891,
          "y": 0.03492426872253418
        },
        {
          "x": 0.9809468388557434,
          "y": 0.34174245595932007
        },
        {
          "x": 0.7082196474075317,
          "y": 1.4667423963546753
        }
      ]
    },
    {
      "name": "9",
      "vertices": [
        {
          "x": 0.31806814670562744,
          "y": 1.080378770828247
        },
        {
          "x": 0.05291667580604553,
          "y": 0.17886370420455933
        },
        {
          "x": 0.9657953977584839,
          "y": 0.09931820631027222
        },
        {
          "x": 0.772613525390625,
          "y": 1.050075650215149
        }
      ]
    },
    {
      "name": "10",
      "vertices": [
        {
          "x": 0.8484091758728027,
          "y": 0.8037497997283936
        },
        {
          "x": 0.8759090900421143,
          "y": 0.33624979853630066
        },
        {
          "x": 0.20340898633003235,
          "y": 0.011249721050262451
        },
        {
          "x": 0.023409008979797363,
          "y": 0.3187497556209564
        }
      ]
    },
    {
      "name": "11",
      "vertices": [
        {
          "x": 0.16840898990631104,
          "y": 0.8362497091293335
        },
        {
          "x": 0.01028403639793396,
          "y": 0.5568747520446777
        },
        {
          "x": 0.147784024477005,
          "y": 0.15812477469444275
        },
        {
          "x": 0.5346590280532837,
          "y": 0.014999747276306152
        },
        {
          "x": 0.9471590518951416,
          "y": 0.009999781847000122
        },
        {
          "x": 0.8896589875221252,
          "y": 0.2224997878074646
        },
        {
          "x": 0.6521590948104858,
          "y": 0.2524997293949127
        },
        {
          "x": 0.5621590614318848,
          "y": 0.5149998068809509
        }
      ]
    },
    {
      "name": "12",
      "vertices": [
        {
          "x": 0.7371588945388794,
          "y": 1.0824997425079346
        },
        {
          "x": 0.7842420935630798,
          "y": 0.8854165077209473
        },
        {
          "x": 0.5659087896347046,
          "y": 0.7320831418037415
        },
        {
          "x": 0.5975754261016846,
          "y": 0.5387498140335083
        },
        {
          "x": 0.5142420530319214,
          "y": 0.4254164397716522
        },
        {
          "x": 0.9892420768737793,
          "y": 0.33541643619537354
        },
        {
          "x": 0.8892422914505005,
          "y": 0.08541654050350189
        },
        {
          "x": 0.4792422652244568,
          "y": 0.018749862909317017
        },
        {
          "x": 0.017575621604919434,
          "y": 0.715416669845581
        },
        {
          "x": 0.49924236536026,
          "y": 1.0670832395553589
        }
      ]
    },
    {
      "name": "13",
      "vertices": [
        {
          "x": 0.0500754714012146,
          "y": 0.038749754428863525
        },
        {
          "x": 0.8000755310058594,
          "y": 0.010416433215141296
        },
        {
          "x": 0.9867422580718994,
          "y": 0.2237497866153717
        },
        {
          "x": 0.7484087944030762,
          "y": 0.45874980092048645
        },
        {
          "x": 0.4367421865463257,
          "y": 0.49541646242141724
        },
        {
          "x": 0.01007544994354248,
          "y": 0.24541644752025604
        }
      ]
    },
    {
      "name": "14",
      "vertices": [
        {
          "x": 0.003125011920928955,
          "y": 0.19937506318092346
        },
        {
          "x": 0.06437504291534424,
          "y": 0.37062501907348633
        },
        {
          "x": 0.4206249713897705,
          "y": 0.3631250560283661
        },
        {
          "x": 0.6168749928474426,
          "y": 0.40937501192092896
        },
        {
          "x": 0.9918750524520874,
          "y": 0.2643749713897705
        },
        {
          "x": 0.9743750095367432,
          "y": 0.18437497317790985
        },
        {
          "x": 0.8206249475479126,
          "y": 0.03812496364116669
        },
        {
          "x": 0.6681249737739563,
          "y": 0.0018749460577964783
        },
        {
          "x": 0.6681249737739563,
          "y": 0.0018749460577964783
        },
        {
          "x": 0.5168749690055847,
          "y": 0.104374960064888
        },
        {
          "x": 0.3781249523162842,
          "y": 0.04062495008111
        },
        {
          "x": 0.3931249678134918,
          "y": 0.1681249737739563
        }
      ]
    },
    {
      "name": "15",
      "vertices": [
        {
          "x": 0.9900755882263184,
          "y": 0.3920831084251404
        },
        {
          "x": 0.9500755071640015,
          "y": 0.3254164755344391
        },
        {
          "x": 0.773408830165863,
          "y": 0.34041643142700195
        },
        {
          "x": 0.9834089279174805,
          "y": 0.0020830929279327393
        },
        {
          "x": 0.6184088587760925,
          "y": 0.11374977231025696
        },
        {
          "x": 0.4417421817779541,
          "y": 0.027083098888397217
        },
        {
          "x": 0.3900754749774933,
          "y": 0.2420831024646759
        },
        {
          "x": 0.08174210786819458,
          "y": 0.26708313822746277
        },
        {
          "x": 0.028408795595169067,
          "y": 0.4420831799507141
        },
        {
          "x": 0.6100754737854004,
          "y": 0.4854164719581604
        }
      ]
    },
    {
      "name": "16",
      "vertices": [
        {
          "x": 0.6450755596160889,
          "y": 0.4370831251144409
        },
        {
          "x": 0.21340881288051605,
          "y": 0.45874980092048645
        },
        {
          "x": 0.19674211740493774,
          "y": 0.31708312034606934
        },
        {
          "x": 0.008408784866333008,
          "y": 0.20208312571048737
        },
        {
          "x": 0.2750754654407501,
          "y": 0.17708313465118408
        },
        {
          "x": 0.3167421519756317,
          "y": 0.11374977231025696
        },
        {
          "x": 0.44507548213005066,
          "y": 0.1637497842311859
        },
        {
          "x": 0.5817421674728394,
          "y": 0.0754164308309555
        },
        {
          "x": 0.8117421865463257,
          "y": 0.0020830929279327393
        },
        {
          "x": 1.0017422437667847,
          "y": 0.16541644930839539
        },
        {
          "x": 0.8350754976272583,
          "y": 0.16708312928676605
        },
        {
          "x": 0.8350754976272583,
          "y": 0.16708312928676605
        }
      ]
    },
    {
      "name": "17",
      "vertices": [
        {
          "x": 0.8650754690170288,
          "y": 0.7020832300186157
        },
        {
          "x": 0.8950755596160889,
          "y": 0.4070831537246704
        },
        {
          "x": 0.5784088373184204,
          "y": 0.2120831459760666
        },
        {
          "x": 0.9900755286216736,
          "y": 0.1870831549167633
        },
        {
          "x": 0.8000755310058594,
          "y": 0.005416452884674072
        },
        {
          "x": 0.2834087908267975,
          "y": 0.025416463613510132
        },
        {
          "x": 0.020075440406799316,
          "y": 0.2104164958000183
        },
        {
          "x": 0.03507542610168457,
          "y": 0.4070831537246704
        },
        {
          "x": 0.38007545471191406,
          "y": 0.6704164743423462
        }
      ]
    },
    {
      "name": "18",
      "vertices": [
        {
          "x": 0.22674211859703064,
          "y": 0.573749840259552
        },
        {
          "x": 0.2767421007156372,
          "y": 0.4920831620693207
        },
        {
          "x": 0.4484087824821472,
          "y": 0.5387498736381531
        },
        {
          "x": 0.7217421531677246,
          "y": 0.39874985814094543
        },
        {
          "x": 0.9850755333900452,
          "y": 0.4137498140335083
        },
        {
          "x": 0.9317421913146973,
          "y": 0.15041647851467133
        },
        {
          "x": 0.7867422103881836,
          "y": 0.12541647255420685
        },
        {
          "x": 0.6650755405426025,
          "y": 0.18374982476234436
        },
        {
          "x": 0.6167421936988831,
          "y": 0.10208313167095184
        },
        {
          "x": 0.49340879917144775,
          "y": 0.12708312273025513
        },
        {
          "x": 0.44674211740493774,
          "y": 0.015416473150253296
        },
        {
          "x": 0.14382553100585938,
          "y": 0.02666643261909485
        },
        {
          "x": 0.19882550835609436,
          "y": 0.16416646540164948
        },
        {
          "x": 0.07132548093795776,
          "y": 0.3316664397716522
        }
      ]
    },
    {
      "name": "19",
      "vertices": [
        {
          "x": 0.01288788765668869,
          "y": 0.26093733310699463
        },
        {
          "x": 0.21632549166679382,
          "y": 0.2691664695739746
        },
        {
          "x": 0.2713254690170288,
          "y": 0.3641664385795593
        },
        {
          "x": 0.3688254952430725,
          "y": 0.3341664671897888
        },
        {
          "x": 0.3963254690170288,
          "y": 0.40416646003723145
        },
        {
          "x": 0.3963254690170288,
          "y": 0.40416646003723145
        },
        {
          "x": 0.8338254690170288,
          "y": 0.3216664493083954
        },
        {
          "x": 0.7538255453109741,
          "y": 0.15166647732257843
        },
        {
          "x": 0.1413254737854004,
          "y": 0.014166474342346191
        }
      ]
    },
    {
      "name": "20",
      "vertices": [
        {
          "x": 0.015908539295196533,
          "y": 0.4608331620693207
        },
        {
          "x": 0.18257522583007812,
          "y": 0.5574998259544373
        },
        {
          "x": 0.5475752949714661,
          "y": 0.4408331513404846
        },
        {
          "x": 0.7059085965156555,
          "y": 0.3274998366832733
        },
        {
          "x": 0.8509086966514587,
          "y": 0.3824998140335083
        },
        {
          "x": 1.000908613204956,
          "y": 0.2858331799507141
        },
        {
          "x": 0.8459086418151855,
          "y": 0.14749981462955475
        },
        {
          "x": 0.38424184918403625,
          "y": 0.0258331298828125
        }
      ]
    },
    {
      "name": "21",
      "vertices": [
        {
          "x": 0.012575119733810425,
          "y": 0.18083316087722778
        },
        {
          "x": 0.11090847849845886,
          "y": 0.2391664981842041
        },
        {
          "x": 0.3359084725379944,
          "y": 0.222499817609787
        },
        {
          "x": 0.33757516741752625,
          "y": 0.2991665303707123
        },
        {
          "x": 0.5192418098449707,
          "y": 0.347499817609787
        },
        {
          "x": 0.9792418479919434,
          "y": 0.21416649222373962
        },
        {
          "x": 0.8709086179733276,
          "y": 0.057499825954437256
        },
        {
          "x": 0.5909084677696228,
          "y": 0.012499809265136719
        },
        {
          "x": 0.2625751495361328,
          "y": 0.0908331423997879
        },
        {
          "x": 0.2759084701538086,
          "y": 0.007499814033508301
        },
        {
          "x": 0.13090848922729492,
          "y": 0.06416650116443634
        }
      ]
    },
    {
      "name": "22",
      "vertices": [
        {
          "x": 0.014241784811019897,
          "y": 0.36749982833862305
        },
        {
          "x": 0.3059085011482239,
          "y": 0.30083319544792175
        },
        {
          "x": 0.2559084892272949,
          "y": 0.4341665208339691
        },
        {
          "x": 0.3592418432235718,
          "y": 0.42583316564559937
        },
        {
          "x": 0.3292418122291565,
          "y": 0.525833249092102
        },
        {
          "x": 0.795908510684967,
          "y": 0.44416648149490356
        },
        {
          "x": 0.9725752472877502,
          "y": 0.19916650652885437
        },
        {
          "x": 0.8592418432235718,
          "y": 0.02749982476234436
        },
        {
          "x": 0.2742418050765991,
          "y": 0.09249983727931976
        }
      ]
    },
    {
      "name": "23",
      "vertices": [
        {
          "x": 0.11090847849845886,
          "y": 0.4199998676776886
        },
        {
          "x": 0.23549185693264008,
          "y": 0.3537498712539673
        },
        {
          "x": 0.3663251996040344,
          "y": 0.377916544675827
        },
        {
          "x": 0.5104918479919434,
          "y": 0.24374985694885254
        },
        {
          "x": 0.5104918479919434,
          "y": 0.24374985694885254
        },
        {
          "x": 0.49257516860961914,
          "y": 0.14333316683769226
        },
        {
          "x": 0.6742419004440308,
          "y": 0.16333317756652832
        },
        {
          "x": 0.9942421913146973,
          "y": 0.07499988377094269
        },
        {
          "x": 0.9775754809379578,
          "y": 0.009999871253967285
        },
        {
          "x": 0.5309087634086609,
          "y": 0.03333321213722229
        },
        {
          "x": 0.14090871810913086,
          "y": 0.16166654229164124
        },
        {
          "x": 0.0059087276458740234,
          "y": 0.3183331787586212
        }
      ]
    },
    {
      "name": "24",
      "vertices": [
        {
          "x": 0.2652837634086609,
          "y": 0.4035415053367615
        },
        {
          "x": 0.3380962610244751,
          "y": 0.36760401725769043
        },
        {
          "x": 0.43434619903564453,
          "y": 0.3157289922237396
        },
        {
          "x": 0.5812212228775024,
          "y": 0.30510398745536804
        },
        {
          "x": 0.7224711179733276,
          "y": 0.3682290315628052
        },
        {
          "x": 0.7305961847305298,
          "y": 0.503229022026062
        },
        {
          "x": 0.814346194267273,
          "y": 0.5107290148735046
        },
        {
          "x": 0.9955962300300598,
          "y": 0.4319789707660675
        },
        {
          "x": 0.9374712109565735,
          "y": 0.32322895526885986
        },
        {
          "x": 0.8437211513519287,
          "y": 0.22322894632816315
        },
        {
          "x": 0.915283739566803,
          "y": 0.06437475979328156
        },
        {
          "x": 0.5786169767379761,
          "y": 0.0443747341632843
        },
        {
          "x": 0.24028360843658447,
          "y": 0.1277080625295639
        },
        {
          "x": 0.0069502294063568115,
          "y": 0.2710414230823517
        }
      ]
    },
    {
      "name": "25",
      "vertices": [
        {
          "x": 0.3023669421672821,
          "y": 0.30895811319351196
        },
        {
          "x": 0.6973670125007629,
          "y": 0.23895812034606934
        },
        {
          "x": 0.6973670125007629,
          "y": 0.23895812034606934
        },
        {
          "x": 0.8590337038040161,
          "y": 0.2781248092651367
        },
        {
          "x": 0.8623669743537903,
          "y": 0.2081247717142105
        },
        {
          "x": 0.9940335750579834,
          "y": 0.18645811080932617
        },
        {
          "x": 0.6190336346626282,
          "y": 6.247684359550476E-4
        },
        {
          "x": 0.32736697793006897,
          "y": 0.025624752044677734
        },
        {
          "x": 0.001533597707748413,
          "y": 0.1939581036567688
        }
      ]
    },
    {
      "name": "26",
      "vertices": [
        {
          "x": 0.015700459480285645,
          "y": 0.8322914838790894
        },
        {
          "x": 0.6307004690170288,
          "y": 0.9972914457321167
        },
        {
          "x": 0.9757003784179688,
          "y": 0.23229146003723145
        },
        {
          "x": 0.5782003998756409,
          "y": 0.024791419506072998
        },
        {
          "x": 0.3057004511356354,
          "y": 0.35979142785072327
        },
        {
          "x": 0.6107003688812256,
          "y": 0.41979146003723145
        },
        {
          "x": 0.4157004654407501,
          "y": 0.6747914552688599
        },
        {
          "x": 0.1307004690170288,
          "y": 0.637291431427002
        }
      ]
    },
    {
      "name": "27",
      "vertices": [
        {
          "x": 0.013200461864471436,
          "y": 0.09479144215583801
        },
        {
          "x": 0.44070038199424744,
          "y": 0.03979146480560303
        },
        {
          "x": 0.27320048213005066,
          "y": 0.42729154229164124
        },
        {
          "x": 0.9132004976272583,
          "y": 1.107291579246521
        },
        {
          "x": 0.9857003092765808,
          "y": 1.5197917222976685
        },
        {
          "x": 0.7657003402709961,
          "y": 1.572291612625122
        },
        {
          "x": 0.4707004427909851,
          "y": 1.04729163646698
        },
        {
          "x": 0.305700421333313,
          "y": 1.4372916221618652
        },
        {
          "x": 0.10820038616657257,
          "y": 1.2872917652130127
        },
        {
          "x": 0.24820037186145782,
          "y": 1.0022916793823242
        }
      ]
    },
    {
      "name": "28",
      "vertices": [
        {
          "x": 0.01570037007331848,
          "y": 0.444791316986084
        },
        {
          "x": -0.0017996430397033691,
          "y": 0.14979131519794464
        },
        {
          "x": 0.5957002639770508,
          "y": 0.0022912919521331787
        },
        {
          "x": 0.9932003021240234,
          "y": 0.14479130506515503
        }
      ]
    },
    {
      "name": "29",
      "vertices": [
        {
          "x": 0.003200352191925049,
          "y": 0.3872913122177124
        },
        {
          "x": 0.06820034980773926,
          "y": 0.009791314601898193
        },
        {
          "x": 1.0032002925872803,
          "y": 0.7022912502288818
        },
        {
          "x": 0.7782003879547119,
          "y": 1.0222913026809692
        }
      ]
    },
    {
      "name": "30",
      "vertices": [
        {
          "x": 0.02820032835006714,
          "y": 0.48729127645492554
        },
        {
          "x": 0.030700385570526123,
          "y": 0.2547913193702698
        },
        {
          "x": 0.7207003235816956,
          "y": -0.0027087032794952393
        },
        {
          "x": 1.0057002305984497,
          "y": 0.40229126811027527
        },
        {
          "x": 0.7757002711296082,
          "y": 0.692291259765625
        }
      ]
    }
  ]
}