{
  "rigidBodies": [
    {
      "name": "circle",
      "imagePath": "../../../../../../atlas/1/deff.png",
      "origin": {
        "x": 0.5,
        "y": 0.5
      },
      "polygons": [],
      "circles": [
        {
          "cx": 0,
          "cy": 0,
          "r": 0.5
        }
      ],
      "shapes": [
        {
          "type": "CIRCLE",
          "vertices": [
            {
              "x": 0,
              "y": 0
            },
            {
              "x": 0,
              "y": 0.5
            }
          ]
        }
      ]
    },
    {
      "name": "rect",
      "imagePath": "rect.png",
      "origin": {
        "x": 0.5,
        "y": 0.5
      },
      "polygons": [
        [
          {
            "x": 0,
            "y": 0
          },
          {
            "x": 0,
            "y": 1
          },
          {
            "x": 1,
            "y": 1
          },
          {
            "x": 1,
            "y": 0
          }
        ]
      ],
      "circles": [],
      "shapes": [
        {
          "type": "POLYGON",
          "vertices": [
            {
              "x": 0,
              "y": 0
            },
            {
              "x": 0,
              "y": 1
            },
            {
              "x": 1,
              "y": 1
            },
            {
              "x": 1,
              "y": 0
            }
          ]
        }
      ]
    },
    {
      "name": "test",
      "imagePath": "Vector.png",
      "origin": {
        "x": 0,
        "y": 0
      },
      "polygons": [
        [
          {
            "x": 0.641666829586029,
            "y": 0.07750006020069122
          },
          {
            "x": 0.681666910648346,
            "y": 0.0025000721216201782
          },
          {
            "x": 0.978333592414856,
            "y": 0.1841667741537094
          },
          {
            "x": 0.9850002527236938,
            "y": 0.27250009775161743
          },
          {
            "x": 0.6183335781097412,
            "y": 0.40250009298324585
          }
        ],
        [
          {
            "x": 0.6183335781097412,
            "y": 0.40250009298324585
          },
          {
            "x": 0.5233334898948669,
            "y": 0.10250011086463928
          },
          {
            "x": 0.641666829586029,
            "y": 0.07750006020069122
          }
        ],
        [
          {
            "x": 0.6183335781097412,
            "y": 0.40250009298324585
          },
          {
            "x": 0.4016667306423187,
            "y": 0.17083337903022766
          },
          {
            "x": 0.36833345890045166,
            "y": 0.04083339869976044
          },
          {
            "x": 0.5233334898948669,
            "y": 0.10250011086463928
          }
        ],
        [
          {
            "x": 0.6183335781097412,
            "y": 0.40250009298324585
          },
          {
            "x": 0.07166683673858643,
            "y": 0.3708334267139435
          },
          {
            "x": 0.009999990463256836,
            "y": 0.18916673958301544
          },
          {
            "x": 0.4016667306423187,
            "y": 0.17083337903022766
          }
        ]
      ],
      "circles": [],
      "shapes": [
        {
          "type": "POLYGON",
          "vertices": [
            {
              "x": 0.009999990463256836,
              "y": 0.18916673958301544
            },
            {
              "x": 0.4016667306423187,
              "y": 0.17083337903022766
            },
            {
              "x": 0.36833345890045166,
              "y": 0.04083339869976044
            },
            {
              "x": 0.5233334898948669,
              "y": 0.10250011086463928
            },
            {
              "x": 0.641666829586029,
              "y": 0.07750006020069122
            },
            {
              "x": 0.681666910648346,
              "y": 0.0025000721216201782
            },
            {
              "x": 0.978333592414856,
              "y": 0.1841667741537094
            },
            {
              "x": 0.9850002527236938,
              "y": 0.27250009775161743
            },
            {
              "x": 0.6183335781097412,
              "y": 0.40250009298324585
            },
            {
              "x": 0.07166683673858643,
              "y": 0.3708334267139435
            }
          ]
        }
      ]
    }
  ],
  "dynamicObjects": []
}